product_id,product_code,product_name,category,capacity,capacity_unit,application,dimensions,material,features,source_document,source_page
kentank-ccv400,CCV 400,Kentank 4000 L,WATER STORAGE,4000,L,Water storage agriculture domestic commercial,"197 x 173 cm",Food grade polyethylene,Corrugated one-piece leak-proof design,KENTANK2.pdf,1
kentank-ccv460,CCV 460,Kentank 4600 L,WATER STORAGE,4600,L,Water storage agriculture domestic commercial,"211 x 179 cm",Food grade polyethylene,Corrugated one-piece leak-proof design,KENTANK2.pdf,1
kentank-ccv500s,CCV 500 Short,Kentank 5000 L Short,WATER STORAGE,5000,L,Water storage water harvesting agriculture domestic commercial,"175 x 203 cm",Food grade polyethylene,Corrugated one-piece leak-proof design,KENTANK2.pdf,1
kentank-ccv500,CCV 500,Kentank 5000 L,WATER STORAGE,5000,L,Water storage water harvesting agriculture domestic commercial,"215 x 185 cm",Food grade polyethylene,Corrugated one-piece leak-proof design,KENTANK2.pdf,1
kentank-ccv600,CCV 600,Kentank 6000 L,WATER STORAGE,6000,L,Water storage water harvesting agriculture domestic commercial,"223 x 198 cm",Food grade polyethylene,Corrugated one-piece leak-proof design,KENTANK2.pdf,1
kentank-ccv800,CCV 800,Kentank 8000 L,WATER STORAGE,8000,L,Water storage water harvesting agriculture domestic commercial,"248 x 214 cm",Food grade polyethylene,Corrugated one-piece leak-proof design,KENTANK2.pdf,1
kentank-ccv1000s,CCV 1000 Short,Kentank 10000 L Short,WATER STORAGE,10000,L,Water storage water harvesting agriculture domestic commercial,"200 x 285 cm",Food grade polyethylene,Corrugated one-piece leak-proof design,KENTANK2.pdf,1
kentank-ccv1000,CCV 1000,Kentank 10000 L,WATER STORAGE,10000,L,Water storage water harvesting agriculture domestic commercial,"255 x 232 cm",Food grade polyethylene,Corrugated one-piece leak-proof design,KENTANK2.pdf,1
kentank-ccv2400,CCV 2400,Kentank 24000 L,WATER STORAGE,24000,L,Water storage water harvesting agriculture domestic commercial,"285 x 350 cm",Food grade polyethylene,Corrugated one-piece leak-proof design,KENTANK2.pdf,1
bkt-bkt600,BKT 600,Bunkatank 6000 L,UNDERGROUND WATER STORAGE,6000,L,Underground water storage water harvesting agriculture domestic commercial,"179 x 265 cm",Food grade polyethylene,Dome shaped flat bottom one-piece design,BUNKATANK-4.pdf,1
handwash-drum10,DRUM10,Pedal Hand Wash 100 L,HAND WASH,100,L,Homes SMEs schools churches mosques IDP refugee camps,"62 x 48 cm",Food grade polyethylene,No hand contact supplied with tap basin pipe and 20L bucket,Handwash.pdf,1
handwash-drum20,DRUM20,Pedal Hand Wash 200 L,HAND WASH,200,L,Homes SMEs schools churches mosques IDP refugee camps,"77 x 58 cm",Food grade polyethylene,No hand contact supplied with tap basin pipe and 20L bucket,Handwash.pdf,1
kpot-kpot3,KPOT 3,Kpot 30 L,WATER STORAGE,30,L,Indoor outdoor water storage agriculture hand wash systems,"49 x 35 cm",Food grade virgin polyethylene,In-built handles durable safe for water,KPOT.pdf,1
kpot-kpot6,KPOT 6,Kpot 60 L,WATER STORAGE,60,L,Indoor outdoor water storage agriculture hand wash systems,"59 x 49.3 cm",Food grade virgin polyethylene,In-built handles durable safe for water,KPOT.pdf,1
drum10,DRUM 10,Drum 100 L,DRUM,100,L,Indoor outdoor water storage chemical storage agriculture hand wash systems,"62 x 48 cm",Food grade polyethylene,Double layered in-built handles durable,DRUM.pdf,1
drum20,DRUM 20,Drum 200 L,DRUM,200,L,Indoor outdoor water storage chemical storage agriculture hand wash systems,"77 x 58 cm",Food grade polyethylene,Double layered in-built handles durable,DRUM.pdf,1
